{
  "apple_notes": {
    "last_sync": 1774164082.294228,
    "chunks_total": 0
  },
  "singularity_db": {
    "last_sync": 1774164082.336641,
    "chunks_total": 20
  },
  "browser": {
    "last_sync": 1774164082.337467,
    "chunks_total": 381
  },
  "tasks": {
    "last_sync": 1774164086.066997,
    "chunks_total": 0
  },
  "body": {
    "last_sync": 1774164086.069588,
    "chunks_total": 8
  },
  "analytics": {
    "last_sync": 1774164086.1766999,
    "chunks_total": 140
  }
}